{
  "disallowEmptyBlocks": true,
  "disallowKeywords": ["with"],
  "disallowMixedSpacesAndTabs": true,
  "disallowMultipleLineStrings": true,
  "disallowMultipleVarDecl": true,
  "disallowQuotedKeysInObjects": "allButReserved",
  "disallowSpaceAfterPrefixUnaryOperators": ["!"],
  "disallowSpaceBeforeBinaryOperators": [","],
  "disallowSpaceAfterPrefixUnaryOperators": ["++", "--", "+", "-", "~", "!"],
  "disallowSpaceBeforePostfixUnaryOperators": ["++", "--"],
  "disallowSpacesInNamedFunctionExpression": { "beforeOpeningRoundBrace": true },
  "disallowSpacesInsideArrayBrackets": true,
  "disallowSpacesInsideParentheses": true,
  "disallowTrailingComma": true,
  "requireCamelCaseOrUpperCaseIdentifiers": true,
  "requireCapitalizedConstructors": true,
  "requireCommaBeforeLineBreak": true,
  "requireDotNotation": true,
  "requireLineFeedAtFileEnd": true,
  "requireSpaceAfterBinaryOperators": ["+", "-", "/", "*", "=", "==", "===", "!=", "!==", ">", "<", ">=", "<="],
  "requireSpaceAfterKeywords": ["if", "else", "for", "while", "do", "switch", "return", "try", "catch"],
  "requireSpaceAfterLineComment": true,
  "requireSpaceBeforeBinaryOperators": ["+", "-", "/", "*", "=", "==", "===", "!=", "!==", ">", "<", ">=", "<="],
  "requireSpacesInAnonymousFunctionExpression": { "beforeOpeningCurlyBrace": true, "beforeOpeningRoundBrace": true },
  "requireSpacesInConditionalExpression": true,
  "requireSpacesInFunctionDeclaration": { "beforeOpeningCurlyBrace": true },
  "requireSpacesInFunctionExpression": { "beforeOpeningCurlyBrace": true },
  "requireSpacesInNamedFunctionExpression": { "beforeOpeningCurlyBrace": true },
  "requireSpacesInsideObjectBrackets": "allButNested",
  "validateIndentation": 2,
  "validateQuoteMarks": "'"
}